{
  "true_ofi": {
    "index": 84,
    "n": 12446500,
    "mean": -1.4467939104941544e-11,
    "std": 0.9999999989636549,
    "min": -105.98576354980469,
    "max": 98.53314971923828
  },
  "depth_norm_ofi": {
    "index": 85,
    "n": 12446500,
    "mean": 1.8866739117070633e-12,
    "std": 1.00000000003507,
    "min": -24.46712303161621,
    "max": 21.61113739013672
  },
  "executed_pressure": {
    "index": 86,
    "n": 12446500,
    "mean": 1.729505715717364e-11,
    "std": 1.000000000581818,
    "min": -512.6856689453125,
    "max": 412.2752380371094
  },
  "signed_mp_delta_bps": {
    "index": 87,
    "n": 12446500,
    "mean": 2.2464771627625314e-10,
    "std": 0.9999999986683125,
    "min": -40.71489715576172,
    "max": 44.64068603515625
  },
  "trade_asymmetry": {
    "index": 88,
    "n": 12446500,
    "mean": -2.3426164090092608e-11,
    "std": 0.9999999997471615,
    "min": -2.6094627380371094,
    "max": 2.68035626411438
  },
  "cancel_asymmetry": {
    "index": 89,
    "n": 12446500,
    "mean": -5.122014990563007e-11,
    "std": 1.000000000199987,
    "min": -6.386647701263428,
    "max": 6.675511360168457
  },
  "fragility_score": {
    "index": 90,
    "n": 12446500,
    "mean": 3.2867242565261015e-11,
    "std": 1.0000000000818714,
    "min": -1.0682440996170044,
    "max": 9.795525550842285
  },
  "depth_asymmetry": {
    "index": 91,
    "n": 12446500,
    "mean": 1.3903563569567923e-11,
    "std": 0.9999999998866501,
    "min": -7.262423038482666,
    "max": 7.378373146057129
  }
}